{"cameraMode":{"drawMode":0,"name":"Shaded","section":"Shading Mode"},"sceneLighting":false,"audioPlay":false,"sceneViewState":{"m_AlwaysRefresh":false,"showFog":true,"showSkybox":false,"showFlares":true,"showImageEffects":true,"showParticleSystems":true,"showVisualEffectGraphs":true,"m_FxEnabled":false},"in2DMode":false,"pivot":{"x":18.488527297973634,"y":2.185206890106201,"z":-22.672536849975587},"rotation":{"x":0.1970081925392151,"y":-0.008519410155713559,"z":0.001719007734209299,"w":0.9803839921951294},"size":0.7572367787361145,"orthographic":false}