{"cameraMode":{"drawMode":0,"name":"Shaded","section":"Shading Mode"},"sceneLighting":false,"audioPlay":false,"sceneViewState":{"m_AlwaysRefresh":false,"showFog":true,"showSkybox":false,"showFlares":true,"showImageEffects":true,"showParticleSystems":true,"showVisualEffectGraphs":true,"m_FxEnabled":true},"in2DMode":false,"pivot":{"x":18.488527297973634,"y":2.185206890106201,"z":-22.672536849975587},"rotation":{"x":-0.046914901584386829,"y":0.4576750695705414,"z":-0.024191875010728837,"w":-0.8875516653060913},"size":0.7572367787361145,"orthographic":false}