{"cameraMode":{"drawMode":0,"name":"Shaded","section":"Shading Mode"},"sceneLighting":false,"audioPlay":false,"sceneViewState":{"m_AlwaysRefresh":false,"showFog":true,"showSkybox":false,"showFlares":true,"showImageEffects":true,"showParticleSystems":true,"showVisualEffectGraphs":true,"m_FxEnabled":false},"in2DMode":false,"pivot":{"x":17.943527221679689,"y":2.185206890106201,"z":-23.122535705566408},"rotation":{"x":0.10281304270029068,"y":-0.20700833201408387,"z":0.021885458379983903,"w":0.9726945757865906},"size":0.7572367787361145,"orthographic":false}