{"cameraMode":{"drawMode":0,"name":"Shaded","section":"Shading Mode"},"sceneLighting":true,"audioPlay":false,"sceneViewState":{"m_AlwaysRefresh":false,"showFog":true,"showSkybox":true,"showFlares":true,"showImageEffects":true,"showParticleSystems":true,"showVisualEffectGraphs":true,"m_FxEnabled":true},"in2DMode":false,"pivot":{"x":456.82501220703127,"y":28.365997314453126,"z":153.44436645507813},"rotation":{"x":-0.18826600909233094,"y":0.2888832986354828,"z":-0.05805118754506111,"w":-0.9368756413459778},"size":4.930049896240234,"orthographic":false}